{
    "counter": {
        "ACTIVE": 1851,
        "INACTIVE": 1,
        "INVALID": 0,
        "MALICIOUS": 0,
        "SANE": 0,
        "VALID": 0,
        "total": 1852
    },
    "percentage": {
        "ACTIVE": 99.94600431965442,
        "INACTIVE": 0.22573363431151242,
        "INVALID": 0,
        "MALICIOUS": 0,
        "SANE": 0,
        "VALID": 0,
        "total": 100.17173795396593
    }
}