{
    "counter": {
        "ACTIVE": 3499,
        "INACTIVE": 1,
        "INVALID": 0,
        "MALICIOUS": 0,
        "SANE": 0,
        "VALID": 0,
        "total": 3500
    },
    "percentage": {
        "ACTIVE": 99.97142857142858,
        "INACTIVE": 0.22573363431151242,
        "INVALID": 0,
        "MALICIOUS": 0,
        "SANE": 0,
        "VALID": 0,
        "total": 100.19716220574009
    }
}