{
    "counter": {
        "ACTIVE": 2861,
        "INACTIVE": 96,
        "INVALID": 0,
        "MALICIOUS": 0,
        "SANE": 0,
        "VALID": 0,
        "total": 2957
    },
    "percentage": {
        "ACTIVE": 96.75346635103145,
        "INACTIVE": 3.29557157569516,
        "INVALID": 0,
        "MALICIOUS": 0,
        "SANE": 0,
        "VALID": 0,
        "total": 100.04903792672661
    }
}