{
    "counter": {
        "ACTIVE": 254067,
        "INACTIVE": 1,
        "INVALID": 0,
        "MALICIOUS": 0,
        "SANE": 0,
        "VALID": 0,
        "total": 254068
    },
    "percentage": {
        "ACTIVE": 99.9996064045846,
        "INACTIVE": 0.0005284490548688654,
        "INVALID": 0,
        "MALICIOUS": 0,
        "SANE": 0,
        "VALID": 0,
        "total": 100.00013485363947
    }
}