{
    "counter": {
        "ACTIVE": 3195,
        "INACTIVE": 90,
        "INVALID": 0,
        "MALICIOUS": 0,
        "SANE": 0,
        "VALID": 0,
        "total": 3285
    },
    "percentage": {
        "ACTIVE": 97.26027397260275,
        "INACTIVE": 2.7430661383724475,
        "INVALID": 0,
        "MALICIOUS": 0,
        "SANE": 0,
        "VALID": 0,
        "total": 100.00334011097519
    }
}