{
    "counter": {
        "ACTIVE": 194736,
        "INACTIVE": 1,
        "INVALID": 0,
        "MALICIOUS": 0,
        "SANE": 0,
        "VALID": 0,
        "total": 194737
    },
    "percentage": {
        "ACTIVE": 99.99948648690285,
        "INACTIVE": 0.0005284490548688654,
        "INVALID": 0,
        "MALICIOUS": 0,
        "SANE": 0,
        "VALID": 0,
        "total": 100.00001493595772
    }
}