{
    "counter": {
        "ACTIVE": 222676,
        "INACTIVE": 1,
        "INVALID": 0,
        "MALICIOUS": 0,
        "SANE": 0,
        "VALID": 0,
        "total": 222677
    },
    "percentage": {
        "ACTIVE": 99.99955091904418,
        "INACTIVE": 0.0005284490548688654,
        "INVALID": 0,
        "MALICIOUS": 0,
        "SANE": 0,
        "VALID": 0,
        "total": 100.00007936809905
    }
}