{
    "counter": {
        "ACTIVE": 273833,
        "INACTIVE": 1,
        "INVALID": 0,
        "MALICIOUS": 0,
        "SANE": 0,
        "VALID": 0,
        "total": 273834
    },
    "percentage": {
        "ACTIVE": 99.99963481525303,
        "INACTIVE": 0.0005284490548688654,
        "INVALID": 0,
        "MALICIOUS": 0,
        "SANE": 0,
        "VALID": 0,
        "total": 100.0001632643079
    }
}