{
    "counter": {
        "ACTIVE": 6762,
        "INACTIVE": 158,
        "INVALID": 0,
        "MALICIOUS": 0,
        "SANE": 0,
        "VALID": 0,
        "total": 6920
    },
    "percentage": {
        "ACTIVE": 97.71676300578035,
        "INACTIVE": 2.3755826191550145,
        "INVALID": 0,
        "MALICIOUS": 0,
        "SANE": 0,
        "VALID": 0,
        "total": 100.09234562493536
    }
}