{
    "counter": {
        "ACTIVE": 8311,
        "INACTIVE": 2,
        "INVALID": 0,
        "MALICIOUS": 0,
        "SANE": 0,
        "VALID": 0,
        "total": 8313
    },
    "percentage": {
        "ACTIVE": 99.9759412967641,
        "INACTIVE": 0.03158060950576346,
        "INVALID": 0,
        "MALICIOUS": 0,
        "SANE": 0,
        "VALID": 0,
        "total": 100.00752190626987
    }
}