{
    "counter": {
        "ACTIVE": 224457,
        "INACTIVE": 1,
        "INVALID": 0,
        "MALICIOUS": 0,
        "SANE": 0,
        "VALID": 0,
        "total": 224458
    },
    "percentage": {
        "ACTIVE": 99.99955448235305,
        "INACTIVE": 0.0005284490548688654,
        "INVALID": 0,
        "MALICIOUS": 0,
        "SANE": 0,
        "VALID": 0,
        "total": 100.00008293140792
    }
}