{
    "counter": {
        "ACTIVE": 5347,
        "INACTIVE": 1,
        "INVALID": 0,
        "MALICIOUS": 0,
        "SANE": 0,
        "VALID": 0,
        "total": 5348
    },
    "percentage": {
        "ACTIVE": 99.981301421092,
        "INACTIVE": 0.22573363431151242,
        "INVALID": 0,
        "MALICIOUS": 0,
        "SANE": 0,
        "VALID": 0,
        "total": 100.20703505540351
    }
}