{
    "counter": {
        "ACTIVE": 6138,
        "INACTIVE": 250,
        "INVALID": 0,
        "MALICIOUS": 0,
        "SANE": 0,
        "VALID": 0,
        "total": 6388
    },
    "percentage": {
        "ACTIVE": 96.08641202254226,
        "INACTIVE": 3.9563222028802025,
        "INVALID": 0,
        "MALICIOUS": 0,
        "SANE": 0,
        "VALID": 0,
        "total": 100.04273422542246
    }
}