{
    "counter": {
        "ACTIVE": 5733,
        "INACTIVE": 243,
        "INVALID": 0,
        "MALICIOUS": 0,
        "SANE": 0,
        "VALID": 0,
        "total": 5976
    },
    "percentage": {
        "ACTIVE": 95.93373493975903,
        "INACTIVE": 4.092976250631632,
        "INVALID": 0,
        "MALICIOUS": 0,
        "SANE": 0,
        "VALID": 0,
        "total": 100.02671119039067
    }
}