{
    "counter": {
        "ACTIVE": 1690,
        "INACTIVE": 38,
        "INVALID": 0,
        "MALICIOUS": 0,
        "SANE": 0,
        "VALID": 0,
        "total": 1728
    },
    "percentage": {
        "ACTIVE": 97.80092592592592,
        "INACTIVE": 2.272727272727273,
        "INVALID": 0,
        "MALICIOUS": 0,
        "SANE": 0,
        "VALID": 0,
        "total": 100.07365319865319
    }
}