{
    "counter": {
        "ACTIVE": 1430,
        "INACTIVE": 77,
        "INVALID": 0,
        "MALICIOUS": 0,
        "SANE": 0,
        "VALID": 0,
        "total": 1507
    },
    "percentage": {
        "ACTIVE": 94.8905109489051,
        "INACTIVE": 5.167785234899329,
        "INVALID": 0,
        "MALICIOUS": 0,
        "SANE": 0,
        "VALID": 0,
        "total": 100.05829618380443
    }
}