{
    "counter": {
        "ACTIVE": 258973,
        "INACTIVE": 1,
        "INVALID": 0,
        "MALICIOUS": 0,
        "SANE": 0,
        "VALID": 0,
        "total": 258974
    },
    "percentage": {
        "ACTIVE": 99.9996138608509,
        "INACTIVE": 0.0005284490548688654,
        "INVALID": 0,
        "MALICIOUS": 0,
        "SANE": 0,
        "VALID": 0,
        "total": 100.00014230990577
    }
}