{
    "counter": {
        "ACTIVE": 7708,
        "INACTIVE": 187,
        "INVALID": 0,
        "MALICIOUS": 0,
        "SANE": 0,
        "VALID": 0,
        "total": 7895
    },
    "percentage": {
        "ACTIVE": 97.63141228625713,
        "INACTIVE": 2.498663816141101,
        "INVALID": 0,
        "MALICIOUS": 0,
        "SANE": 0,
        "VALID": 0,
        "total": 100.13007610239823
    }
}