{
    "counter": {
        "ACTIVE": 257096,
        "INACTIVE": 1,
        "INVALID": 0,
        "MALICIOUS": 0,
        "SANE": 0,
        "VALID": 0,
        "total": 257097
    },
    "percentage": {
        "ACTIVE": 99.99961104174689,
        "INACTIVE": 0.0005284490548688654,
        "INVALID": 0,
        "MALICIOUS": 0,
        "SANE": 0,
        "VALID": 0,
        "total": 100.00013949080176
    }
}