{
    "counter": {
        "ACTIVE": 4101,
        "INACTIVE": 138,
        "INVALID": 0,
        "MALICIOUS": 0,
        "SANE": 0,
        "VALID": 0,
        "total": 4239
    },
    "percentage": {
        "ACTIVE": 96.7445152158528,
        "INACTIVE": 3.2802472070358926,
        "INVALID": 0,
        "MALICIOUS": 0,
        "SANE": 0,
        "VALID": 0,
        "total": 100.0247624228887
    }
}