{
    "counter": {
        "ACTIVE": 231638,
        "INACTIVE": 1,
        "INVALID": 0,
        "MALICIOUS": 0,
        "SANE": 0,
        "VALID": 0,
        "total": 231639
    },
    "percentage": {
        "ACTIVE": 99.99956829376745,
        "INACTIVE": 0.0005284490548688654,
        "INVALID": 0,
        "MALICIOUS": 0,
        "SANE": 0,
        "VALID": 0,
        "total": 100.00009674282232
    }
}