{
    "counter": {
        "ACTIVE": 265145,
        "INACTIVE": 1,
        "INVALID": 0,
        "MALICIOUS": 0,
        "SANE": 0,
        "VALID": 0,
        "total": 265146
    },
    "percentage": {
        "ACTIVE": 99.99962284929812,
        "INACTIVE": 0.0005284490548688654,
        "INVALID": 0,
        "MALICIOUS": 0,
        "SANE": 0,
        "VALID": 0,
        "total": 100.00015129835299
    }
}