{
    "counter": {
        "ACTIVE": 227909,
        "INACTIVE": 1,
        "INVALID": 0,
        "MALICIOUS": 0,
        "SANE": 0,
        "VALID": 0,
        "total": 227910
    },
    "percentage": {
        "ACTIVE": 99.9995612303102,
        "INACTIVE": 0.0005284490548688654,
        "INVALID": 0,
        "MALICIOUS": 0,
        "SANE": 0,
        "VALID": 0,
        "total": 100.00008967936508
    }
}