{
    "counter": {
        "ACTIVE": 4492,
        "INACTIVE": 1,
        "INVALID": 0,
        "MALICIOUS": 0,
        "SANE": 0,
        "VALID": 0,
        "total": 4493
    },
    "percentage": {
        "ACTIVE": 99.97774315602048,
        "INACTIVE": 0.22573363431151242,
        "INVALID": 0,
        "MALICIOUS": 0,
        "SANE": 0,
        "VALID": 0,
        "total": 100.20347679033199
    }
}