{
    "counter": {
        "ACTIVE": 266726,
        "INACTIVE": 1,
        "INVALID": 0,
        "MALICIOUS": 0,
        "SANE": 0,
        "VALID": 0,
        "total": 266727
    },
    "percentage": {
        "ACTIVE": 99.99962508482456,
        "INACTIVE": 0.0005284490548688654,
        "INVALID": 0,
        "MALICIOUS": 0,
        "SANE": 0,
        "VALID": 0,
        "total": 100.00015353387943
    }
}