{
    "counter": {
        "ACTIVE": 274415,
        "INACTIVE": 1,
        "INVALID": 0,
        "MALICIOUS": 0,
        "SANE": 0,
        "VALID": 0,
        "total": 274416
    },
    "percentage": {
        "ACTIVE": 99.99963558976152,
        "INACTIVE": 0.0005284490548688654,
        "INVALID": 0,
        "MALICIOUS": 0,
        "SANE": 0,
        "VALID": 0,
        "total": 100.0001640388164
    }
}