{
    "counter": {
        "ACTIVE": 232296,
        "INACTIVE": 1,
        "INVALID": 0,
        "MALICIOUS": 0,
        "SANE": 0,
        "VALID": 0,
        "total": 232297
    },
    "percentage": {
        "ACTIVE": 99.99956951661021,
        "INACTIVE": 0.0005284490548688654,
        "INVALID": 0,
        "MALICIOUS": 0,
        "SANE": 0,
        "VALID": 0,
        "total": 100.00009796566508
    }
}