{
    "counter": {
        "ACTIVE": 250672,
        "INACTIVE": 1,
        "INVALID": 0,
        "MALICIOUS": 0,
        "SANE": 0,
        "VALID": 0,
        "total": 250673
    },
    "percentage": {
        "ACTIVE": 99.99960107390903,
        "INACTIVE": 0.0005284490548688654,
        "INVALID": 0,
        "MALICIOUS": 0,
        "SANE": 0,
        "VALID": 0,
        "total": 100.0001295229639
    }
}