{
    "counter": {
        "ACTIVE": 261917,
        "INACTIVE": 1,
        "INVALID": 0,
        "MALICIOUS": 0,
        "SANE": 0,
        "VALID": 0,
        "total": 261918
    },
    "percentage": {
        "ACTIVE": 99.99961820111638,
        "INACTIVE": 0.0005284490548688654,
        "INVALID": 0,
        "MALICIOUS": 0,
        "SANE": 0,
        "VALID": 0,
        "total": 100.00014665017125
    }
}