{
    "counter": {
        "ACTIVE": 8121,
        "INACTIVE": 159,
        "INVALID": 0,
        "MALICIOUS": 0,
        "SANE": 0,
        "VALID": 0,
        "total": 8280
    },
    "percentage": {
        "ACTIVE": 98.07971014492753,
        "INACTIVE": 1.9690402476780187,
        "INVALID": 0,
        "MALICIOUS": 0,
        "SANE": 0,
        "VALID": 0,
        "total": 100.04875039260556
    }
}