{
    "counter": {
        "ACTIVE": 246838,
        "INACTIVE": 1,
        "INVALID": 0,
        "MALICIOUS": 0,
        "SANE": 0,
        "VALID": 0,
        "total": 246839
    },
    "percentage": {
        "ACTIVE": 99.99959487763279,
        "INACTIVE": 0.0005284490548688654,
        "INVALID": 0,
        "MALICIOUS": 0,
        "SANE": 0,
        "VALID": 0,
        "total": 100.00012332668766
    }
}