{
    "counter": {
        "ACTIVE": 213787,
        "INACTIVE": 1,
        "INVALID": 0,
        "MALICIOUS": 0,
        "SANE": 0,
        "VALID": 0,
        "total": 213788
    },
    "percentage": {
        "ACTIVE": 99.9995322468988,
        "INACTIVE": 0.0005284490548688654,
        "INVALID": 0,
        "MALICIOUS": 0,
        "SANE": 0,
        "VALID": 0,
        "total": 100.00006069595366
    }
}