{
    "counter": {
        "ACTIVE": 7404,
        "INACTIVE": 187,
        "INVALID": 0,
        "MALICIOUS": 0,
        "SANE": 0,
        "VALID": 0,
        "total": 7591
    },
    "percentage": {
        "ACTIVE": 97.53655644842577,
        "INACTIVE": 2.498663816141101,
        "INVALID": 0,
        "MALICIOUS": 0,
        "SANE": 0,
        "VALID": 0,
        "total": 100.03522026456687
    }
}