{
    "counter": {
        "ACTIVE": 8099,
        "INACTIVE": 58,
        "INVALID": 0,
        "MALICIOUS": 0,
        "SANE": 0,
        "VALID": 0,
        "total": 8157
    },
    "percentage": {
        "ACTIVE": 99.28895427240407,
        "INACTIVE": 0.7372568958942418,
        "INVALID": 0,
        "MALICIOUS": 0,
        "SANE": 0,
        "VALID": 0,
        "total": 100.02621116829832
    }
}