{
    "counter": {
        "ACTIVE": 190375,
        "INACTIVE": 1,
        "INVALID": 0,
        "MALICIOUS": 0,
        "SANE": 0,
        "VALID": 0,
        "total": 190376
    },
    "percentage": {
        "ACTIVE": 99.99947472370467,
        "INACTIVE": 0.0005284490548688654,
        "INVALID": 0,
        "MALICIOUS": 0,
        "SANE": 0,
        "VALID": 0,
        "total": 100.00000317275953
    }
}