{
    "counter": {
        "ACTIVE": 4172,
        "INACTIVE": 1,
        "INVALID": 0,
        "MALICIOUS": 0,
        "SANE": 0,
        "VALID": 0,
        "total": 4173
    },
    "percentage": {
        "ACTIVE": 99.97603642463456,
        "INACTIVE": 0.22573363431151242,
        "INVALID": 0,
        "MALICIOUS": 0,
        "SANE": 0,
        "VALID": 0,
        "total": 100.20177005894607
    }
}