{
    "counter": {
        "ACTIVE": 835,
        "INACTIVE": 8,
        "INVALID": 0,
        "MALICIOUS": 0,
        "SANE": 0,
        "VALID": 0,
        "total": 843
    },
    "percentage": {
        "ACTIVE": 99.05100830367735,
        "INACTIVE": 0.954653937947494,
        "INVALID": 0,
        "MALICIOUS": 0,
        "SANE": 0,
        "VALID": 0,
        "total": 100.00566224162485
    }
}