{
    "counter": {
        "ACTIVE": 8023,
        "INACTIVE": 187,
        "INVALID": 0,
        "MALICIOUS": 0,
        "SANE": 0,
        "VALID": 0,
        "total": 8210
    },
    "percentage": {
        "ACTIVE": 97.72228989037758,
        "INACTIVE": 2.498663816141101,
        "INVALID": 0,
        "MALICIOUS": 0,
        "SANE": 0,
        "VALID": 0,
        "total": 100.22095370651869
    }
}