{
    "counter": {
        "ACTIVE": 238350,
        "INACTIVE": 1,
        "INVALID": 0,
        "MALICIOUS": 0,
        "SANE": 0,
        "VALID": 0,
        "total": 238351
    },
    "percentage": {
        "ACTIVE": 99.99958045067989,
        "INACTIVE": 0.0005284490548688654,
        "INVALID": 0,
        "MALICIOUS": 0,
        "SANE": 0,
        "VALID": 0,
        "total": 100.00010889973476
    }
}