{
    "counter": {
        "ACTIVE": 268795,
        "INACTIVE": 1,
        "INVALID": 0,
        "MALICIOUS": 0,
        "SANE": 0,
        "VALID": 0,
        "total": 268796
    },
    "percentage": {
        "ACTIVE": 99.99962797065433,
        "INACTIVE": 0.0005284490548688654,
        "INVALID": 0,
        "MALICIOUS": 0,
        "SANE": 0,
        "VALID": 0,
        "total": 100.0001564197092
    }
}