{
    "counter": {
        "ACTIVE": 5981,
        "INACTIVE": 3,
        "INVALID": 0,
        "MALICIOUS": 0,
        "SANE": 0,
        "VALID": 0,
        "total": 5984
    },
    "percentage": {
        "ACTIVE": 99.94986631016043,
        "INACTIVE": 0.1218026796589525,
        "INVALID": 0,
        "MALICIOUS": 0,
        "SANE": 0,
        "VALID": 0,
        "total": 100.07166898981939
    }
}