{
    "counter": {
        "ACTIVE": 250907,
        "INACTIVE": 1,
        "INVALID": 0,
        "MALICIOUS": 0,
        "SANE": 0,
        "VALID": 0,
        "total": 250908
    },
    "percentage": {
        "ACTIVE": 99.99960144754253,
        "INACTIVE": 0.0005284490548688654,
        "INVALID": 0,
        "MALICIOUS": 0,
        "SANE": 0,
        "VALID": 0,
        "total": 100.0001298965974
    }
}