{
    "counter": {
        "ACTIVE": 276305,
        "INACTIVE": 1,
        "INVALID": 0,
        "MALICIOUS": 0,
        "SANE": 0,
        "VALID": 0,
        "total": 276306
    },
    "percentage": {
        "ACTIVE": 99.99963808241587,
        "INACTIVE": 0.0005284490548688654,
        "INVALID": 0,
        "MALICIOUS": 0,
        "SANE": 0,
        "VALID": 0,
        "total": 100.00016653147074
    }
}