{
    "counter": {
        "ACTIVE": 260159,
        "INACTIVE": 1,
        "INVALID": 0,
        "MALICIOUS": 0,
        "SANE": 0,
        "VALID": 0,
        "total": 260160
    },
    "percentage": {
        "ACTIVE": 99.99961562115621,
        "INACTIVE": 0.0005284490548688654,
        "INVALID": 0,
        "MALICIOUS": 0,
        "SANE": 0,
        "VALID": 0,
        "total": 100.00014407021108
    }
}