{
    "counter": {
        "ACTIVE": 256216,
        "INACTIVE": 1,
        "INVALID": 0,
        "MALICIOUS": 0,
        "SANE": 0,
        "VALID": 0,
        "total": 256217
    },
    "percentage": {
        "ACTIVE": 99.99960970583528,
        "INACTIVE": 0.0005284490548688654,
        "INVALID": 0,
        "MALICIOUS": 0,
        "SANE": 0,
        "VALID": 0,
        "total": 100.00013815489015
    }
}