{
    "counter": {
        "ACTIVE": 1326,
        "INACTIVE": 1,
        "INVALID": 0,
        "MALICIOUS": 0,
        "SANE": 0,
        "VALID": 0,
        "total": 1327
    },
    "percentage": {
        "ACTIVE": 99.92464204973625,
        "INACTIVE": 0.22573363431151242,
        "INVALID": 0,
        "MALICIOUS": 0,
        "SANE": 0,
        "VALID": 0,
        "total": 100.15037568404776
    }
}