{
    "counter": {
        "ACTIVE": 6213,
        "INACTIVE": 1,
        "INVALID": 0,
        "MALICIOUS": 0,
        "SANE": 0,
        "VALID": 0,
        "total": 6214
    },
    "percentage": {
        "ACTIVE": 99.98390730608304,
        "INACTIVE": 0.22573363431151242,
        "INVALID": 0,
        "MALICIOUS": 0,
        "SANE": 0,
        "VALID": 0,
        "total": 100.20964094039455
    }
}