{
    "counter": {
        "ACTIVE": 191688,
        "INACTIVE": 1,
        "INVALID": 0,
        "MALICIOUS": 0,
        "SANE": 0,
        "VALID": 0,
        "total": 191689
    },
    "percentage": {
        "ACTIVE": 99.99947832165644,
        "INACTIVE": 0.0005284490548688654,
        "INVALID": 0,
        "MALICIOUS": 0,
        "SANE": 0,
        "VALID": 0,
        "total": 100.00000677071131
    }
}