{
    "counter": {
        "ACTIVE": 256448,
        "INACTIVE": 1,
        "INVALID": 0,
        "MALICIOUS": 0,
        "SANE": 0,
        "VALID": 0,
        "total": 256449
    },
    "percentage": {
        "ACTIVE": 99.9996100589201,
        "INACTIVE": 0.0005284490548688654,
        "INVALID": 0,
        "MALICIOUS": 0,
        "SANE": 0,
        "VALID": 0,
        "total": 100.00013850797497
    }
}