{
    "counter": {
        "ACTIVE": 6812,
        "INACTIVE": 53,
        "INVALID": 0,
        "MALICIOUS": 0,
        "SANE": 0,
        "VALID": 0,
        "total": 6865
    },
    "percentage": {
        "ACTIVE": 99.22796795338674,
        "INACTIVE": 0.8215780499147419,
        "INVALID": 0,
        "MALICIOUS": 0,
        "SANE": 0,
        "VALID": 0,
        "total": 100.04954600330149
    }
}