{
    "counter": {
        "ACTIVE": 240378,
        "INACTIVE": 1,
        "INVALID": 0,
        "MALICIOUS": 0,
        "SANE": 0,
        "VALID": 0,
        "total": 240379
    },
    "percentage": {
        "ACTIVE": 99.99958399028202,
        "INACTIVE": 0.0005284490548688654,
        "INVALID": 0,
        "MALICIOUS": 0,
        "SANE": 0,
        "VALID": 0,
        "total": 100.00011243933689
    }
}