{
    "counter": {
        "ACTIVE": 269790,
        "INACTIVE": 1,
        "INVALID": 0,
        "MALICIOUS": 0,
        "SANE": 0,
        "VALID": 0,
        "total": 269791
    },
    "percentage": {
        "ACTIVE": 99.99962934271343,
        "INACTIVE": 0.0005284490548688654,
        "INVALID": 0,
        "MALICIOUS": 0,
        "SANE": 0,
        "VALID": 0,
        "total": 100.0001577917683
    }
}