{
    "counter": {
        "ACTIVE": 215424,
        "INACTIVE": 1,
        "INVALID": 0,
        "MALICIOUS": 0,
        "SANE": 0,
        "VALID": 0,
        "total": 215425
    },
    "percentage": {
        "ACTIVE": 99.99953580132296,
        "INACTIVE": 0.0005284490548688654,
        "INVALID": 0,
        "MALICIOUS": 0,
        "SANE": 0,
        "VALID": 0,
        "total": 100.00006425037783
    }
}