{
    "counter": {
        "ACTIVE": 196902,
        "INACTIVE": 1,
        "INVALID": 0,
        "MALICIOUS": 0,
        "SANE": 0,
        "VALID": 0,
        "total": 196903
    },
    "percentage": {
        "ACTIVE": 99.99949213572165,
        "INACTIVE": 0.0005284490548688654,
        "INVALID": 0,
        "MALICIOUS": 0,
        "SANE": 0,
        "VALID": 0,
        "total": 100.00002058477652
    }
}