{
    "counter": {
        "ACTIVE": 245737,
        "INACTIVE": 1,
        "INVALID": 0,
        "MALICIOUS": 0,
        "SANE": 0,
        "VALID": 0,
        "total": 245738
    },
    "percentage": {
        "ACTIVE": 99.99959306253001,
        "INACTIVE": 0.0005284490548688654,
        "INVALID": 0,
        "MALICIOUS": 0,
        "SANE": 0,
        "VALID": 0,
        "total": 100.00012151158488
    }
}