{
    "counter": {
        "ACTIVE": 6762,
        "INACTIVE": 2,
        "INVALID": 0,
        "MALICIOUS": 0,
        "SANE": 0,
        "VALID": 0,
        "total": 6764
    },
    "percentage": {
        "ACTIVE": 99.97043169722058,
        "INACTIVE": 0.03158060950576346,
        "INVALID": 0,
        "MALICIOUS": 0,
        "SANE": 0,
        "VALID": 0,
        "total": 100.00201230672634
    }
}