{
    "counter": {
        "ACTIVE": 241787,
        "INACTIVE": 1,
        "INVALID": 0,
        "MALICIOUS": 0,
        "SANE": 0,
        "VALID": 0,
        "total": 241788
    },
    "percentage": {
        "ACTIVE": 99.99958641454498,
        "INACTIVE": 0.0005284490548688654,
        "INVALID": 0,
        "MALICIOUS": 0,
        "SANE": 0,
        "VALID": 0,
        "total": 100.00011486359985
    }
}