{
    "counter": {
        "ACTIVE": 8581,
        "INACTIVE": 193,
        "INVALID": 0,
        "MALICIOUS": 0,
        "SANE": 0,
        "VALID": 0,
        "total": 8774
    },
    "percentage": {
        "ACTIVE": 97.80031912468658,
        "INACTIVE": 2.2016883413187314,
        "INVALID": 0,
        "MALICIOUS": 0,
        "SANE": 0,
        "VALID": 0,
        "total": 100.00200746600531
    }
}