{
    "counter": {
        "ACTIVE": 854,
        "INACTIVE": 7,
        "INVALID": 0,
        "MALICIOUS": 0,
        "SANE": 0,
        "VALID": 0,
        "total": 861
    },
    "percentage": {
        "ACTIVE": 99.1869918699187,
        "INACTIVE": 0.9247027741083224,
        "INVALID": 0,
        "MALICIOUS": 0,
        "SANE": 0,
        "VALID": 0,
        "total": 100.11169464402703
    }
}