{
    "counter": {
        "ACTIVE": 244767,
        "INACTIVE": 1,
        "INVALID": 0,
        "MALICIOUS": 0,
        "SANE": 0,
        "VALID": 0,
        "total": 244768
    },
    "percentage": {
        "ACTIVE": 99.99959144986272,
        "INACTIVE": 0.0005284490548688654,
        "INVALID": 0,
        "MALICIOUS": 0,
        "SANE": 0,
        "VALID": 0,
        "total": 100.00011989891759
    }
}