{
    "counter": {
        "ACTIVE": 3576,
        "INACTIVE": 35,
        "INVALID": 0,
        "MALICIOUS": 0,
        "SANE": 0,
        "VALID": 0,
        "total": 3611
    },
    "percentage": {
        "ACTIVE": 99.03073940736638,
        "INACTIVE": 1.0144927536231885,
        "INVALID": 0,
        "MALICIOUS": 0,
        "SANE": 0,
        "VALID": 0,
        "total": 100.04523216098957
    }
}