{
    "counter": {
        "ACTIVE": 89,
        "INACTIVE": 1,
        "INVALID": 0,
        "MALICIOUS": 0,
        "SANE": 0,
        "VALID": 0,
        "total": 90
    },
    "percentage": {
        "ACTIVE": 98.88888888888889,
        "INACTIVE": 4.545454545454546,
        "INVALID": 0,
        "MALICIOUS": 0,
        "SANE": 0,
        "VALID": 0,
        "total": 103.43434343434343
    }
}