{
    "counter": {
        "ACTIVE": 232,
        "INACTIVE": 1,
        "INVALID": 0,
        "MALICIOUS": 0,
        "SANE": 0,
        "VALID": 0,
        "total": 233
    },
    "percentage": {
        "ACTIVE": 99.57081545064378,
        "INACTIVE": 1.3333333333333333,
        "INVALID": 0,
        "MALICIOUS": 0,
        "SANE": 0,
        "VALID": 0,
        "total": 100.9041487839771
    }
}