{
    "counter": {
        "ACTIVE": 252821,
        "INACTIVE": 1,
        "INVALID": 0,
        "MALICIOUS": 0,
        "SANE": 0,
        "VALID": 0,
        "total": 252822
    },
    "percentage": {
        "ACTIVE": 99.99960446480132,
        "INACTIVE": 0.0005284490548688654,
        "INVALID": 0,
        "MALICIOUS": 0,
        "SANE": 0,
        "VALID": 0,
        "total": 100.00013291385619
    }
}