{
    "counter": {
        "ACTIVE": 257325,
        "INACTIVE": 1,
        "INVALID": 0,
        "MALICIOUS": 0,
        "SANE": 0,
        "VALID": 0,
        "total": 257326
    },
    "percentage": {
        "ACTIVE": 99.99961138788929,
        "INACTIVE": 0.0005284490548688654,
        "INVALID": 0,
        "MALICIOUS": 0,
        "SANE": 0,
        "VALID": 0,
        "total": 100.00013983694416
    }
}