{
    "counter": {
        "ACTIVE": 272548,
        "INACTIVE": 1,
        "INVALID": 0,
        "MALICIOUS": 0,
        "SANE": 0,
        "VALID": 0,
        "total": 272549
    },
    "percentage": {
        "ACTIVE": 99.99963309349879,
        "INACTIVE": 0.0005284490548688654,
        "INVALID": 0,
        "MALICIOUS": 0,
        "SANE": 0,
        "VALID": 0,
        "total": 100.00016154255366
    }
}