{
    "counter": {
        "ACTIVE": 4794,
        "INACTIVE": 1,
        "INVALID": 0,
        "MALICIOUS": 0,
        "SANE": 0,
        "VALID": 0,
        "total": 4795
    },
    "percentage": {
        "ACTIVE": 99.97914494264859,
        "INACTIVE": 0.22573363431151242,
        "INVALID": 0,
        "MALICIOUS": 0,
        "SANE": 0,
        "VALID": 0,
        "total": 100.2048785769601
    }
}