{
    "counter": {
        "ACTIVE": 3229,
        "INACTIVE": 144,
        "INVALID": 0,
        "MALICIOUS": 0,
        "SANE": 0,
        "VALID": 0,
        "total": 3373
    },
    "percentage": {
        "ACTIVE": 95.730803439075,
        "INACTIVE": 4.330827067669173,
        "INVALID": 0,
        "MALICIOUS": 0,
        "SANE": 0,
        "VALID": 0,
        "total": 100.06163050674418
    }
}