{
    "counter": {
        "ACTIVE": 265530,
        "INACTIVE": 1,
        "INVALID": 0,
        "MALICIOUS": 0,
        "SANE": 0,
        "VALID": 0,
        "total": 265531
    },
    "percentage": {
        "ACTIVE": 99.9996233961383,
        "INACTIVE": 0.0005284490548688654,
        "INVALID": 0,
        "MALICIOUS": 0,
        "SANE": 0,
        "VALID": 0,
        "total": 100.00015184519317
    }
}