{
    "counter": {
        "ACTIVE": 1359,
        "INACTIVE": 16,
        "INVALID": 0,
        "MALICIOUS": 0,
        "SANE": 0,
        "VALID": 0,
        "total": 1375
    },
    "percentage": {
        "ACTIVE": 98.83636363636364,
        "INACTIVE": 1.198501872659176,
        "INVALID": 0,
        "MALICIOUS": 0,
        "SANE": 0,
        "VALID": 0,
        "total": 100.03486550902282
    }
}