{
    "counter": {
        "ACTIVE": 274821,
        "INACTIVE": 1,
        "INVALID": 0,
        "MALICIOUS": 0,
        "SANE": 0,
        "VALID": 0,
        "total": 274822
    },
    "percentage": {
        "ACTIVE": 99.99963612811202,
        "INACTIVE": 0.0005284490548688654,
        "INVALID": 0,
        "MALICIOUS": 0,
        "SANE": 0,
        "VALID": 0,
        "total": 100.00016457716688
    }
}