{
    "counter": {
        "ACTIVE": 260784,
        "INACTIVE": 1,
        "INVALID": 0,
        "MALICIOUS": 0,
        "SANE": 0,
        "VALID": 0,
        "total": 260785
    },
    "percentage": {
        "ACTIVE": 99.99961654236249,
        "INACTIVE": 0.0005284490548688654,
        "INVALID": 0,
        "MALICIOUS": 0,
        "SANE": 0,
        "VALID": 0,
        "total": 100.00014499141736
    }
}