{
    "counter": {
        "ACTIVE": 236759,
        "INACTIVE": 1,
        "INVALID": 0,
        "MALICIOUS": 0,
        "SANE": 0,
        "VALID": 0,
        "total": 236760
    },
    "percentage": {
        "ACTIVE": 99.99957763135664,
        "INACTIVE": 0.0005284490548688654,
        "INVALID": 0,
        "MALICIOUS": 0,
        "SANE": 0,
        "VALID": 0,
        "total": 100.00010608041151
    }
}