{
    "counter": {
        "ACTIVE": 265745,
        "INACTIVE": 1,
        "INVALID": 0,
        "MALICIOUS": 0,
        "SANE": 0,
        "VALID": 0,
        "total": 265746
    },
    "percentage": {
        "ACTIVE": 99.9996237008271,
        "INACTIVE": 0.0005284490548688654,
        "INVALID": 0,
        "MALICIOUS": 0,
        "SANE": 0,
        "VALID": 0,
        "total": 100.00015214988197
    }
}