{
    "counter": {
        "ACTIVE": 203532,
        "INACTIVE": 1,
        "INVALID": 0,
        "MALICIOUS": 0,
        "SANE": 0,
        "VALID": 0,
        "total": 203533
    },
    "percentage": {
        "ACTIVE": 99.99950867918224,
        "INACTIVE": 0.0005284490548688654,
        "INVALID": 0,
        "MALICIOUS": 0,
        "SANE": 0,
        "VALID": 0,
        "total": 100.00003712823711
    }
}