{
    "counter": {
        "ACTIVE": 8319,
        "INACTIVE": 187,
        "INVALID": 0,
        "MALICIOUS": 0,
        "SANE": 0,
        "VALID": 0,
        "total": 8506
    },
    "percentage": {
        "ACTIVE": 97.80155184575594,
        "INACTIVE": 2.498663816141101,
        "INVALID": 0,
        "MALICIOUS": 0,
        "SANE": 0,
        "VALID": 0,
        "total": 100.30021566189704
    }
}