{
    "counter": {
        "ACTIVE": 4842,
        "INACTIVE": 162,
        "INVALID": 0,
        "MALICIOUS": 0,
        "SANE": 0,
        "VALID": 0,
        "total": 5004
    },
    "percentage": {
        "ACTIVE": 96.76258992805755,
        "INACTIVE": 3.265470671235638,
        "INVALID": 0,
        "MALICIOUS": 0,
        "SANE": 0,
        "VALID": 0,
        "total": 100.02806059929318
    }
}