{
    "counter": {
        "ACTIVE": 2718,
        "INACTIVE": 1,
        "INVALID": 0,
        "MALICIOUS": 0,
        "SANE": 0,
        "VALID": 0,
        "total": 2719
    },
    "percentage": {
        "ACTIVE": 99.96322177271055,
        "INACTIVE": 0.22573363431151242,
        "INVALID": 0,
        "MALICIOUS": 0,
        "SANE": 0,
        "VALID": 0,
        "total": 100.18895540702206
    }
}