{
    "counter": {
        "ACTIVE": 264506,
        "INACTIVE": 1,
        "INVALID": 0,
        "MALICIOUS": 0,
        "SANE": 0,
        "VALID": 0,
        "total": 264507
    },
    "percentage": {
        "ACTIVE": 99.99962193817177,
        "INACTIVE": 0.0005284490548688654,
        "INVALID": 0,
        "MALICIOUS": 0,
        "SANE": 0,
        "VALID": 0,
        "total": 100.00015038722664
    }
}