{
    "counter": {
        "ACTIVE": 254289,
        "INACTIVE": 1,
        "INVALID": 0,
        "MALICIOUS": 0,
        "SANE": 0,
        "VALID": 0,
        "total": 254290
    },
    "percentage": {
        "ACTIVE": 99.99960674820088,
        "INACTIVE": 0.0005284490548688654,
        "INVALID": 0,
        "MALICIOUS": 0,
        "SANE": 0,
        "VALID": 0,
        "total": 100.00013519725574
    }
}