{
    "counter": {
        "ACTIVE": 253000,
        "INACTIVE": 1,
        "INVALID": 0,
        "MALICIOUS": 0,
        "SANE": 0,
        "VALID": 0,
        "total": 253001
    },
    "percentage": {
        "ACTIVE": 99.99960474464528,
        "INACTIVE": 0.0005284490548688654,
        "INVALID": 0,
        "MALICIOUS": 0,
        "SANE": 0,
        "VALID": 0,
        "total": 100.00013319370015
    }
}