{
    "counter": {
        "ACTIVE": 192348,
        "INACTIVE": 1,
        "INVALID": 0,
        "MALICIOUS": 0,
        "SANE": 0,
        "VALID": 0,
        "total": 192349
    },
    "percentage": {
        "ACTIVE": 99.99948011167201,
        "INACTIVE": 0.0005284490548688654,
        "INVALID": 0,
        "MALICIOUS": 0,
        "SANE": 0,
        "VALID": 0,
        "total": 100.00000856072688
    }
}