{
    "counter": {
        "ACTIVE": 208656,
        "INACTIVE": 1,
        "INVALID": 0,
        "MALICIOUS": 0,
        "SANE": 0,
        "VALID": 0,
        "total": 208657
    },
    "percentage": {
        "ACTIVE": 99.99952074457123,
        "INACTIVE": 0.0005284490548688654,
        "INVALID": 0,
        "MALICIOUS": 0,
        "SANE": 0,
        "VALID": 0,
        "total": 100.0000491936261
    }
}