{
    "counter": {
        "ACTIVE": 1066,
        "INACTIVE": 1,
        "INVALID": 0,
        "MALICIOUS": 0,
        "SANE": 0,
        "VALID": 0,
        "total": 1067
    },
    "percentage": {
        "ACTIVE": 99.90627928772258,
        "INACTIVE": 0.22573363431151242,
        "INVALID": 0,
        "MALICIOUS": 0,
        "SANE": 0,
        "VALID": 0,
        "total": 100.1320129220341
    }
}