{
    "counter": {
        "ACTIVE": 2142,
        "INACTIVE": 64,
        "INVALID": 0,
        "MALICIOUS": 0,
        "SANE": 0,
        "VALID": 0,
        "total": 2206
    },
    "percentage": {
        "ACTIVE": 97.14285714285714,
        "INACTIVE": 2.901178603807797,
        "INVALID": 0,
        "MALICIOUS": 0,
        "SANE": 0,
        "VALID": 0,
        "total": 100.04403574666493
    }
}