{
    "counter": {
        "ACTIVE": 270293,
        "INACTIVE": 1,
        "INVALID": 0,
        "MALICIOUS": 0,
        "SANE": 0,
        "VALID": 0,
        "total": 270294
    },
    "percentage": {
        "ACTIVE": 99.99963003248315,
        "INACTIVE": 0.0005284490548688654,
        "INVALID": 0,
        "MALICIOUS": 0,
        "SANE": 0,
        "VALID": 0,
        "total": 100.00015848153802
    }
}