{
    "counter": {
        "ACTIVE": 229621,
        "INACTIVE": 1,
        "INVALID": 0,
        "MALICIOUS": 0,
        "SANE": 0,
        "VALID": 0,
        "total": 229622
    },
    "percentage": {
        "ACTIVE": 99.99956450165925,
        "INACTIVE": 0.0005284490548688654,
        "INVALID": 0,
        "MALICIOUS": 0,
        "SANE": 0,
        "VALID": 0,
        "total": 100.00009295071412
    }
}