{
    "counter": {
        "ACTIVE": 273085,
        "INACTIVE": 1,
        "INVALID": 0,
        "MALICIOUS": 0,
        "SANE": 0,
        "VALID": 0,
        "total": 273086
    },
    "percentage": {
        "ACTIVE": 99.99963381498868,
        "INACTIVE": 0.0005284490548688654,
        "INVALID": 0,
        "MALICIOUS": 0,
        "SANE": 0,
        "VALID": 0,
        "total": 100.00016226404355
    }
}