{
    "counter": {
        "ACTIVE": 8614,
        "INACTIVE": 2,
        "INVALID": 0,
        "MALICIOUS": 0,
        "SANE": 0,
        "VALID": 0,
        "total": 8616
    },
    "percentage": {
        "ACTIVE": 99.97678737233055,
        "INACTIVE": 0.03158060950576346,
        "INVALID": 0,
        "MALICIOUS": 0,
        "SANE": 0,
        "VALID": 0,
        "total": 100.00836798183632
    }
}