{
    "counter": {
        "ACTIVE": 8128,
        "INACTIVE": 1,
        "INVALID": 0,
        "MALICIOUS": 0,
        "SANE": 0,
        "VALID": 0,
        "total": 8129
    },
    "percentage": {
        "ACTIVE": 99.9876983638824,
        "INACTIVE": 0.014308198597796537,
        "INVALID": 0,
        "MALICIOUS": 0,
        "SANE": 0,
        "VALID": 0,
        "total": 100.0020065624802
    }
}