{
    "counter": {
        "ACTIVE": 1872,
        "INACTIVE": 49,
        "INVALID": 0,
        "MALICIOUS": 0,
        "SANE": 0,
        "VALID": 0,
        "total": 1921
    },
    "percentage": {
        "ACTIVE": 97.44924518479958,
        "INACTIVE": 2.5520833333333335,
        "INVALID": 0,
        "MALICIOUS": 0,
        "SANE": 0,
        "VALID": 0,
        "total": 100.00132851813291
    }
}