{
    "counter": {
        "ACTIVE": 209241,
        "INACTIVE": 1,
        "INVALID": 0,
        "MALICIOUS": 0,
        "SANE": 0,
        "VALID": 0,
        "total": 209242
    },
    "percentage": {
        "ACTIVE": 99.99952208447635,
        "INACTIVE": 0.0005284490548688654,
        "INVALID": 0,
        "MALICIOUS": 0,
        "SANE": 0,
        "VALID": 0,
        "total": 100.00005053353122
    }
}