{
    "counter": {
        "ACTIVE": 267572,
        "INACTIVE": 1,
        "INVALID": 0,
        "MALICIOUS": 0,
        "SANE": 0,
        "VALID": 0,
        "total": 267573
    },
    "percentage": {
        "ACTIVE": 99.99962627021411,
        "INACTIVE": 0.0005284490548688654,
        "INVALID": 0,
        "MALICIOUS": 0,
        "SANE": 0,
        "VALID": 0,
        "total": 100.00015471926898
    }
}