{
    "counter": {
        "ACTIVE": 5093,
        "INACTIVE": 162,
        "INVALID": 0,
        "MALICIOUS": 0,
        "SANE": 0,
        "VALID": 0,
        "total": 5255
    },
    "percentage": {
        "ACTIVE": 96.91722169362512,
        "INACTIVE": 3.265470671235638,
        "INVALID": 0,
        "MALICIOUS": 0,
        "SANE": 0,
        "VALID": 0,
        "total": 100.18269236486076
    }
}