{
    "counter": {
        "ACTIVE": 271733,
        "INACTIVE": 1,
        "INVALID": 0,
        "MALICIOUS": 0,
        "SANE": 0,
        "VALID": 0,
        "total": 271734
    },
    "percentage": {
        "ACTIVE": 99.99963199305203,
        "INACTIVE": 0.0005284490548688654,
        "INVALID": 0,
        "MALICIOUS": 0,
        "SANE": 0,
        "VALID": 0,
        "total": 100.0001604421069
    }
}