{
    "counter": {
        "ACTIVE": 244,
        "INACTIVE": 4,
        "INVALID": 0,
        "MALICIOUS": 0,
        "SANE": 0,
        "VALID": 0,
        "total": 248
    },
    "percentage": {
        "ACTIVE": 98.38709677419355,
        "INACTIVE": 2.4242424242424243,
        "INVALID": 0,
        "MALICIOUS": 0,
        "SANE": 0,
        "VALID": 0,
        "total": 100.81133919843597
    }
}