{
    "counter": {
        "ACTIVE": 8176,
        "INACTIVE": 2,
        "INVALID": 0,
        "MALICIOUS": 0,
        "SANE": 0,
        "VALID": 0,
        "total": 8178
    },
    "percentage": {
        "ACTIVE": 99.9755441428222,
        "INACTIVE": 0.03158060950576346,
        "INVALID": 0,
        "MALICIOUS": 0,
        "SANE": 0,
        "VALID": 0,
        "total": 100.00712475232797
    }
}