{
    "counter": {
        "ACTIVE": 246421,
        "INACTIVE": 1,
        "INVALID": 0,
        "MALICIOUS": 0,
        "SANE": 0,
        "VALID": 0,
        "total": 246422
    },
    "percentage": {
        "ACTIVE": 99.99959419207701,
        "INACTIVE": 0.0005284490548688654,
        "INVALID": 0,
        "MALICIOUS": 0,
        "SANE": 0,
        "VALID": 0,
        "total": 100.00012264113188
    }
}