{
    "counter": {
        "ACTIVE": 2355,
        "INACTIVE": 2,
        "INVALID": 0,
        "MALICIOUS": 0,
        "SANE": 0,
        "VALID": 0,
        "total": 2357
    },
    "percentage": {
        "ACTIVE": 99.91514637250742,
        "INACTIVE": 0.11013215859030837,
        "INVALID": 0,
        "MALICIOUS": 0,
        "SANE": 0,
        "VALID": 0,
        "total": 100.02527853109773
    }
}