{
    "counter": {
        "ACTIVE": 594,
        "INACTIVE": 2,
        "INVALID": 0,
        "MALICIOUS": 0,
        "SANE": 0,
        "VALID": 0,
        "total": 596
    },
    "percentage": {
        "ACTIVE": 99.66442953020135,
        "INACTIVE": 0.42283298097251587,
        "INVALID": 0,
        "MALICIOUS": 0,
        "SANE": 0,
        "VALID": 0,
        "total": 100.08726251117386
    }
}