{
    "counter": {
        "ACTIVE": 266170,
        "INACTIVE": 1,
        "INVALID": 0,
        "MALICIOUS": 0,
        "SANE": 0,
        "VALID": 0,
        "total": 266171
    },
    "percentage": {
        "ACTIVE": 99.99962430167074,
        "INACTIVE": 0.0005284490548688654,
        "INVALID": 0,
        "MALICIOUS": 0,
        "SANE": 0,
        "VALID": 0,
        "total": 100.0001527507256
    }
}