{
    "counter": {
        "ACTIVE": 2925,
        "INACTIVE": 1,
        "INVALID": 0,
        "MALICIOUS": 0,
        "SANE": 0,
        "VALID": 0,
        "total": 2926
    },
    "percentage": {
        "ACTIVE": 99.96582365003418,
        "INACTIVE": 0.22573363431151242,
        "INVALID": 0,
        "MALICIOUS": 0,
        "SANE": 0,
        "VALID": 0,
        "total": 100.19155728434569
    }
}