{
    "counter": {
        "ACTIVE": 5858,
        "INACTIVE": 163,
        "INVALID": 0,
        "MALICIOUS": 0,
        "SANE": 0,
        "VALID": 0,
        "total": 6021
    },
    "percentage": {
        "ACTIVE": 97.29280850357084,
        "INACTIVE": 2.719839813115301,
        "INVALID": 0,
        "MALICIOUS": 0,
        "SANE": 0,
        "VALID": 0,
        "total": 100.01264831668614
    }
}