{
    "counter": {
        "ACTIVE": 4008,
        "INACTIVE": 1,
        "INVALID": 0,
        "MALICIOUS": 0,
        "SANE": 0,
        "VALID": 0,
        "total": 4009
    },
    "percentage": {
        "ACTIVE": 99.97505612372163,
        "INACTIVE": 0.22573363431151242,
        "INVALID": 0,
        "MALICIOUS": 0,
        "SANE": 0,
        "VALID": 0,
        "total": 100.20078975803314
    }
}