{
    "counter": {
        "ACTIVE": 5548,
        "INACTIVE": 48,
        "INVALID": 0,
        "MALICIOUS": 0,
        "SANE": 0,
        "VALID": 0,
        "total": 5596
    },
    "percentage": {
        "ACTIVE": 99.14224446032881,
        "INACTIVE": 0.8673653776653415,
        "INVALID": 0,
        "MALICIOUS": 0,
        "SANE": 0,
        "VALID": 0,
        "total": 100.00960983799415
    }
}