{
    "counter": {
        "ACTIVE": 232511,
        "INACTIVE": 1,
        "INVALID": 0,
        "MALICIOUS": 0,
        "SANE": 0,
        "VALID": 0,
        "total": 232512
    },
    "percentage": {
        "ACTIVE": 99.99956991467107,
        "INACTIVE": 0.0005284490548688654,
        "INVALID": 0,
        "MALICIOUS": 0,
        "SANE": 0,
        "VALID": 0,
        "total": 100.00009836372594
    }
}