{
    "counter": {
        "ACTIVE": 246190,
        "INACTIVE": 1,
        "INVALID": 0,
        "MALICIOUS": 0,
        "SANE": 0,
        "VALID": 0,
        "total": 246191
    },
    "percentage": {
        "ACTIVE": 99.99959381130911,
        "INACTIVE": 0.0005284490548688654,
        "INVALID": 0,
        "MALICIOUS": 0,
        "SANE": 0,
        "VALID": 0,
        "total": 100.00012226036398
    }
}