{
    "counter": {
        "ACTIVE": 5484,
        "INACTIVE": 1,
        "INVALID": 0,
        "MALICIOUS": 0,
        "SANE": 0,
        "VALID": 0,
        "total": 5485
    },
    "percentage": {
        "ACTIVE": 99.98176845943482,
        "INACTIVE": 0.22573363431151242,
        "INVALID": 0,
        "MALICIOUS": 0,
        "SANE": 0,
        "VALID": 0,
        "total": 100.20750209374633
    }
}