{
    "counter": {
        "ACTIVE": 193542,
        "INACTIVE": 1,
        "INVALID": 0,
        "MALICIOUS": 0,
        "SANE": 0,
        "VALID": 0,
        "total": 193543
    },
    "percentage": {
        "ACTIVE": 99.99948331895237,
        "INACTIVE": 0.0005284490548688654,
        "INVALID": 0,
        "MALICIOUS": 0,
        "SANE": 0,
        "VALID": 0,
        "total": 100.00001176800724
    }
}