{
    "counter": {
        "ACTIVE": 3353,
        "INACTIVE": 3,
        "INVALID": 0,
        "MALICIOUS": 0,
        "SANE": 0,
        "VALID": 0,
        "total": 3356
    },
    "percentage": {
        "ACTIVE": 99.91060786650775,
        "INACTIVE": 0.1218026796589525,
        "INVALID": 0,
        "MALICIOUS": 0,
        "SANE": 0,
        "VALID": 0,
        "total": 100.0324105461667
    }
}