{
    "counter": {
        "ACTIVE": 277065,
        "INACTIVE": 1,
        "INVALID": 0,
        "MALICIOUS": 0,
        "SANE": 0,
        "VALID": 0,
        "total": 277066
    },
    "percentage": {
        "ACTIVE": 99.9996390751662,
        "INACTIVE": 0.0005284490548688654,
        "INVALID": 0,
        "MALICIOUS": 0,
        "SANE": 0,
        "VALID": 0,
        "total": 100.00016752422107
    }
}