{
    "counter": {
        "ACTIVE": 5622,
        "INACTIVE": 1,
        "INVALID": 0,
        "MALICIOUS": 0,
        "SANE": 0,
        "VALID": 0,
        "total": 5623
    },
    "percentage": {
        "ACTIVE": 99.98221589898631,
        "INACTIVE": 0.22573363431151242,
        "INVALID": 0,
        "MALICIOUS": 0,
        "SANE": 0,
        "VALID": 0,
        "total": 100.20794953329782
    }
}