{
    "counter": {
        "ACTIVE": 5092,
        "INACTIVE": 238,
        "INVALID": 0,
        "MALICIOUS": 0,
        "SANE": 0,
        "VALID": 0,
        "total": 5330
    },
    "percentage": {
        "ACTIVE": 95.53470919324577,
        "INACTIVE": 5.030648911435215,
        "INVALID": 0,
        "MALICIOUS": 0,
        "SANE": 0,
        "VALID": 0,
        "total": 100.565358104681
    }
}