{
    "counter": {
        "ACTIVE": 229358,
        "INACTIVE": 1,
        "INVALID": 0,
        "MALICIOUS": 0,
        "SANE": 0,
        "VALID": 0,
        "total": 229359
    },
    "percentage": {
        "ACTIVE": 99.99956400228463,
        "INACTIVE": 0.0005284490548688654,
        "INVALID": 0,
        "MALICIOUS": 0,
        "SANE": 0,
        "VALID": 0,
        "total": 100.0000924513395
    }
}