{
    "counter": {
        "ACTIVE": 215698,
        "INACTIVE": 1,
        "INVALID": 0,
        "MALICIOUS": 0,
        "SANE": 0,
        "VALID": 0,
        "total": 215699
    },
    "percentage": {
        "ACTIVE": 99.99953639098929,
        "INACTIVE": 0.0005284490548688654,
        "INVALID": 0,
        "MALICIOUS": 0,
        "SANE": 0,
        "VALID": 0,
        "total": 100.00006484004416
    }
}