{
    "counter": {
        "ACTIVE": 227648,
        "INACTIVE": 1,
        "INVALID": 0,
        "MALICIOUS": 0,
        "SANE": 0,
        "VALID": 0,
        "total": 227649
    },
    "percentage": {
        "ACTIVE": 99.99956072725995,
        "INACTIVE": 0.0005284490548688654,
        "INVALID": 0,
        "MALICIOUS": 0,
        "SANE": 0,
        "VALID": 0,
        "total": 100.00008917631482
    }
}