{
    "counter": {
        "ACTIVE": 8117,
        "INACTIVE": 1,
        "INVALID": 0,
        "MALICIOUS": 0,
        "SANE": 0,
        "VALID": 0,
        "total": 8118
    },
    "percentage": {
        "ACTIVE": 99.98768169499877,
        "INACTIVE": 0.015067048365225252,
        "INVALID": 0,
        "MALICIOUS": 0,
        "SANE": 0,
        "VALID": 0,
        "total": 100.002748743364
    }
}