{
    "counter": {
        "ACTIVE": 208372,
        "INACTIVE": 1,
        "INVALID": 0,
        "MALICIOUS": 0,
        "SANE": 0,
        "VALID": 0,
        "total": 208373
    },
    "percentage": {
        "ACTIVE": 99.9995200913746,
        "INACTIVE": 0.0005284490548688654,
        "INVALID": 0,
        "MALICIOUS": 0,
        "SANE": 0,
        "VALID": 0,
        "total": 100.00004854042947
    }
}