{
    "counter": {
        "ACTIVE": 277261,
        "INACTIVE": 1,
        "INVALID": 0,
        "MALICIOUS": 0,
        "SANE": 0,
        "VALID": 0,
        "total": 277262
    },
    "percentage": {
        "ACTIVE": 99.99963933030851,
        "INACTIVE": 0.0005284490548688654,
        "INVALID": 0,
        "MALICIOUS": 0,
        "SANE": 0,
        "VALID": 0,
        "total": 100.00016777936338
    }
}